page,titles,comment_count,source
1,Stroller - what's the difference between a seat that lies flat and a bassinet/carriage,1,dads_corner
1,"3rd trimester, terrible horrible fights with fianc√©",3,dads_corner
1,Problems with everything ,7,dads_corner
1,Wife misscaried (first pregnancy),7,dads_corner
1,Dads to be - Poland ,1,dads_corner
1,What would you do?,8,dads_corner
1,Wife in denial about PPD/Postpartum Anger,10,dads_corner
1,"Dads, what would you want as a birth gift? ",6,dads_corner
1,"Jeep Wrangler, 2 door + car seat = ??",12,dads_corner
1,Sudden change of smell,2,dads_corner
1,Baby born 7/11 Mom 4th degree,4,dads_corner
1,Do have issues with feeding before sleeping?,0,dads_corner
1,Sleep,3,dads_corner
1,Supporting our wives,7,dads_corner
1,Baby Names,3,dads_corner
1,What should 1st time Dads do?,7,dads_corner
1,"Any New Dads Around Orange, Ca??",1,dads_corner
1,First Daughter Almost Here. Advice?,5,dads_corner
1,"Pregnant Girlfriend hates me, broke up with me and is now keeping our kid from me!",9,dads_corner
1,Visitor Rules During Covid?,3,dads_corner
1,Mom feels like she lost her first born when second came along,3,dads_corner
1,Other older FTD out there???,6,dads_corner
1,Banned from Check-Ups (COVID),14,dads_corner
1,looking for guidance ,5,dads_corner
1,Toronto Dad‚Äôs,0,dads_corner
1,Hi Dads! ??,0,dads_corner
1,Help,9,dads_corner
1,What's it like dads?,4,dads_corner
1,Sleep Issues with Newborn,4,dads_corner
1,Dealing With Gender Disappointment,7,dads_corner
1,Pregnancy Symptoms,0,dads_corner
1,Pre Baby Anxiety,5,dads_corner
1,Pregnant Partner can't stand me,4,dads_corner
1,A Message to Our Community ,0,dads_corner
1,Very anxious about second child,3,dads_corner
1,how to help during the first trimester ,4,dads_corner
1,"Very long, but seriously needing advice. ",14,dads_corner
1,Jogging stroller for taller parents?,1,dads_corner
1,MOODY MOMMY,1,dads_corner
1,Need advice from a male perspective ,10,dads_corner
1,Was It a Miscarriage or Not?,10,dads_corner
1,"Quick question, might be overthinking it.",2,dads_corner
1,New dad. Help please eeeek,4,dads_corner
1,wife needs a friend!,17,dads_corner
1,"Help, my baby hates me!",4,dads_corner
1,Fathers Day,1,dads_corner
1,Female here but would love a guys opinion,10,dads_corner
1,I Need Some Advice,4,dads_corner
1,wife hated me during pregnancy¬† and now hates me again after birth,8,dads_corner
1,Newborn always fussy if not held,4,dads_corner
2,Gender Disappointment wanted a girl,11,dads_corner
2,Spit up,6,dads_corner
2,6 Months postpartum. Still no sex ,5,dads_corner
2,Soon to be Dad,1,dads_corner
2,Has anyone done an unassisted home birth?,1,dads_corner
2,When do you go to hospital (UK) ,2,dads_corner
2,Missing my partner ,3,dads_corner
2,"Back to work , first time dad",4,dads_corner
2,Needing a man's perspectives ,2,dads_corner
2,Depression and suicide,32,dads_corner
2,New dad - need help,3,dads_corner
2,Advice needed - Seeing Child,7,dads_corner
2,Gender Dissapointment,12,dads_corner
2,We have a date - 7th of May.. but,2,dads_corner
2,I was FIRED from my job,6,dads_corner
2,Push Presents,4,dads_corner
2,Advice needed,2,dads_corner
2,Intro New dad to be ,2,dads_corner
2,First time dad feeling like nothing i do is right.,3,dads_corner
2,I‚Äôm back!!!!!!!!,0,dads_corner
2,New(ish) Dad needs help with marriage ,2,dads_corner
2,"Advice needed, going crazy.",14,dads_corner
2,Post-partum support,2,dads_corner
2,just need to vent and talk it out ,3,dads_corner
2,First-time Dad Hacks,2,dads_corner
2,In the delivery room,2,dads_corner
2,Join the Coronavirus (Covid-19) Support Resources Group ,0,dads_corner
2,Supporting my Wife with Smoothies,4,dads_corner
2,Recently became a father,2,dads_corner
2,Hello ,2,dads_corner
2,Delivery Room,3,dads_corner
2,Gender Disappointment ,4,dads_corner
2,In need of advice......,5,dads_corner
2,Dad Talk,0,dads_corner
2,Pregnant partner hating on me (16 weeks) is it normal to be struggling a bit with it?,5,dads_corner
2,Aussie Dads,0,dads_corner
2,Work Vs family,1,dads_corner
2,In need of guidance..,4,dads_corner
2,"Trapped... We got pregnant, Then she left me. What are my options?",4,dads_corner
2,Gender Disappointment- How to cope?,3,dads_corner
2,First Time Dad Mistakes,7,dads_corner
2,I can't put the baby to sleep in the crib,3,dads_corner
2,How to deal with postpartum depression??,2,dads_corner
2,please help ,2,dads_corner
2,PREGNANT EX GIRLFRIEND IS SUPER CONFUSING,19,dads_corner
2,Family Visit,3,dads_corner
2,AITA husband wants new job and I am not keen,5,dads_corner
2,Need advice on my dad (daughters Grandad) ,3,dads_corner
2,Girl Nursury,1,dads_corner
2,Desperately need a dad‚Äôs opinion ,3,dads_corner
3,Unsure about circumsiscian,5,dads_corner
3,My Pregnant Girlfriend Has Become Distant,5,dads_corner
3,Narrowing down pregnancy resources?,3,dads_corner
3,Is anyone one else taking time off for the baby?,26,dads_corner
3,Dad depression ,7,dads_corner
3,"Scared to stay, Even more scared to leave!",12,dads_corner
3,Counselling homework: men who never wanted kids before,5,dads_corner
3,Health/Offload - Time.. does that exist?,5,dads_corner
3,My mom is a b1tc4,1,dads_corner
3,Bottle Refusal,2,dads_corner
3,Wife wants me to get Vasectomy üòï,15,dads_corner
3,Sleep issues for 3 year old. ,2,dads_corner
3,"I'm the real dad, but my son probably doesn't know",9,dads_corner
3,Research: help us design technology for dads in infant feeding setting,0,dads_corner
3,Should i be upset,6,dads_corner
3,Pregnant No Communication/Cold,7,dads_corner
3,F≈Øcƒ∑ the confusing vegetable chart¬† ,6,dads_corner
3,away at 37 weeks,2,dads_corner
3,I work away from home,1,dads_corner
3,Baby health advice,0,dads_corner
3,Asking for Advice regarding Family Drama ...,12,dads_corner
3,Just saying hi,3,dads_corner
3,Suggestions Welcome,2,dads_corner
3,What do u wish you could get back from your relationship before baby arrived?,3,dads_corner
3,Help please - dog lover,7,dads_corner
3,How are you guys dealing with partners mood swings? ,6,dads_corner
3,Varicocele experience,4,dads_corner
3,Opinions,4,dads_corner
3,Sick and tired of being sick and tired,4,dads_corner
3,Security Cameras Suggestions - need it when I leave my Kids with the sitter,3,dads_corner
3,A lost father,6,dads_corner
3,I think my wife has gone crazy ,11,dads_corner
3,1ft time dad,3,dads_corner
3,Is don't want more children and my partner is pregnant ,4,dads_corner
3,When to put car seats in?,6,dads_corner
3,Separation,1,dads_corner
3,PLEASE HELP,5,dads_corner
3,Difficulty understanding.,2,dads_corner
3,Abnormality in 10wk scan,2,dads_corner
3,Wanting Advice from dads,1,dads_corner
3,Headaches & symptoms just me or normal?,1,dads_corner
3,Conceiving date confusion,9,dads_corner
3,Feeling worried,4,dads_corner
3,Pregnant partner asked for a break,2,dads_corner
3,No connection,1,dads_corner
3,New dads,2,dads_corner
3,asking for advice ,2,dads_corner
3,first time dad,3,dads_corner
3,My lady is very moody. ,2,dads_corner
3,Baby Tech,11,dads_corner
4,Starting,1,dads_corner
4,A mans advice,2,dads_corner
4,Need some advice please,5,dads_corner
4,my wife is 8 months pregnant and wants a divorce.,1,dads_corner
4,Distance and disinterest,14,dads_corner
4,Any tips on learning to stop swearing?,6,dads_corner
4,"Gender disappointment, I don't think they got it right.",8,dads_corner
4,Wife hates me,3,dads_corner
4,dady depression after babies come,8,dads_corner
4,need a mans perspective ,12,dads_corner
4,Food for thought,1,dads_corner
4,Wife has friends but I do not,3,dads_corner
4,Still no movement,9,dads_corner
4,Expecting 3rd Child,1,dads_corner
4,5th time's a charm,0,dads_corner
4,First kid,7,dads_corner
4,Maternal instinct,1,dads_corner
4,Am I stress out too much?,1,dads_corner
4,Shared business owner with wife now its all on me!!,2,dads_corner
4,anyone been in this same situation?,5,dads_corner
4,Best baby carrier for bigger guys,2,dads_corner
4,Getting Loud with my almost 2 year old little girl,5,dads_corner
4,Can‚Äôt seem to do anything right,3,dads_corner
4,ireland/scotland,0,dads_corner
4,Second kid,3,dads_corner
4,Need a guys take on things!,3,dads_corner
4,Need some advise...,2,dads_corner
4,Mood swings!,7,dads_corner
4,Implementing consequences when husband takes revenge,13,dads_corner
4,Advice please!,1,dads_corner
4,Gender Reveal - Why is Husband Upset?,8,dads_corner
4,Girlfriend saying I‚Äôm not doing enough?,13,dads_corner
4,Dads only open chat,33,dads_corner
4,Aquaphore on baby‚Äôs hair!,0,dads_corner
4,Help,5,dads_corner
4,From one dad to another,1,dads_corner
4,Confused and no where to turn,5,dads_corner
4,it's a boy,3,dads_corner
4,Any older father's with advice?,4,dads_corner
4,Falsely accused of watching porn,7,dads_corner
4,My wife seems to overdo many things about the baby,5,dads_corner
4,I‚Äôm happy. My wife isn‚Äôt.,16,dads_corner
4,Hello fellas please help me out,1,dads_corner
4,I‚Äôm a dad now - here‚Äôs is what I‚Äôve learned,13,dads_corner
4,questions for father's,2,dads_corner
4,Fianc√© and I fighting non stop,5,dads_corner
4,Am I being unfair???,2,dads_corner
4,Sleeping through help,2,dads_corner
4,Father's rights,20,dads_corner
4,Mother of my child left me for another man,5,dads_corner
5,Dog to my partner and cutting me out,1,dads_corner
5,I want to move close to family... husband doesn‚Äôt?,3,dads_corner
5,Need help!,6,dads_corner
5,"Advice from men, please!",2,dads_corner
5,How can I protect my kids on the internet?,4,dads_corner
5,Hi Guys! Need Advice,9,dads_corner
5,Paternity test,3,dads_corner
5,Name disagreement,4,dads_corner
5,I‚Äôm new and don‚Äôt know what to do!,12,dads_corner
5,Three last names and only child,4,dads_corner
5,Helpless Wife,5,dads_corner
5,[***] Bless You,6,dads_corner
5,Disappointed first time dad how can I help?,4,dads_corner
5,"Becoming a dad for the first time, baby due 7th December.",2,dads_corner
5,1st time Dad having trouble dealing with post partum partner,7,dads_corner
5,The time is approaching - what should I bring?,1,dads_corner
5,Wife is aggressive to kids and me,5,dads_corner
5,"Dads, please be careful",3,dads_corner
5,New here,12,dads_corner
5,Change,3,dads_corner
5,Pregnant ex keeps pushing me away.,2,dads_corner
5,What To Do,7,dads_corner
5,What to do about grandparents to be?,2,dads_corner
5,"*** size, baby size",2,dads_corner
5,Happy Father's Day !!!,0,dads_corner
5,Serious advice needed,3,dads_corner
5,Defiant 5 Year Old,6,dads_corner
5,Living situation,1,dads_corner
5,Issues with a Bottle,0,dads_corner
5,Need help,4,dads_corner
5,Confused,7,dads_corner
5,Became a Dad to twin boys a week ago yesterday!,3,dads_corner
5,How to Deal with Pushy Great Grandmother ,3,dads_corner
5,How to help,0,dads_corner
5,Getting Fit!!,6,dads_corner
5,Only finding women commenting on men's issues,8,dads_corner
5,Sex after birth,4,dads_corner
5,How would you feel? Male Opinion please!,12,dads_corner
5,i love my pregnant wife but I'm not sexually attracted anymore ,7,dads_corner
5,Post party depression for men?,2,dads_corner
5,Anyone else's wife made them join? ,10,dads_corner
5,Being a young dad,9,dads_corner
5,Have any of you dads been through this before? I know my ex is lying about being pregnant.,53,dads_corner
5,Overwhelmed,6,dads_corner
5,Birthday getaway?,1,dads_corner
5,IUI Non-bio dad,3,dads_corner
5,I‚Äôm getting fat,6,dads_corner
5,Help me,5,dads_corner
5,Need advice on calming baby.,2,dads_corner
5,Vasectomy ?,2,dads_corner
6,Crying whining fussing??,0,dads_corner
6,How to cope with no or little support,2,dads_corner
6,Advice,14,dads_corner
6,Trouble in paradise! Help!,2,dads_corner
6,"Trying again, a bit personal",10,dads_corner
6,Wife 6 months pregnant and threesomes??,7,dads_corner
6,Sleeping in the nude when kids are in the house?,5,dads_corner
6,Items that would make life easier,3,dads_corner
6,Wife texts me act work when kid is fussy,7,dads_corner
6,Step kids !!!!!!! ,2,dads_corner
6,Bush whacked,3,dads_corner
6,Twin Dads,1,dads_corner
6,PPD... How to deal???,3,dads_corner
6,Happy St.Patricks Day,1,dads_corner
6,6 month old and troubles sleeping,0,dads_corner
6,New Dad-Am I Doing Something Wrong?,4,dads_corner
6,When to tell my children they are adopted?,3,dads_corner
6,Food failire,2,dads_corner
6,"New here , new dad to be...... nasueous",8,dads_corner
6,Help sleep training!,1,dads_corner
6,Hormonal raging wife,9,dads_corner
6,iOS WTE App Update Is Here! (includes fixes),0,dads_corner
6,Fathers of toddlers questionnaire,3,dads_corner
6,Meet ups for new and already dads,2,dads_corner
6,First time dad,0,dads_corner
6,Balance,3,dads_corner
6,Just out of morbid curiosity . . .,1,dads_corner
6,SO: school punishments,1,dads_corner
6,Fun Dad Stories.,0,dads_corner
6,"Resentment, and shame",5,dads_corner
6,I genuinely think my wife might kill me in my sleep,16,dads_corner
6,Dealing with Step parent,3,dads_corner
6,I'm Here for Support.,4,dads_corner
6,Do you feel is unfair that you have to go to work while wife stays home?,15,dads_corner
6,Vindictive baby's mother,4,dads_corner
6,Stepping up as Dad,3,dads_corner
6,First Names,3,dads_corner
6,Your Girl ‚ÄòBest Friend‚Äô,12,dads_corner
6,Frequency of hand washing with new baby...,5,dads_corner
6,"Baby only wants mom for bedtime, how can I help?",5,dads_corner
6,Dad's sex life,2,dads_corner
6,Need your opinion please,6,dads_corner
6,Feel really awkward in any forum besides Dad‚Äôs Corner.,7,dads_corner
6,Two Sunday Borns,2,dads_corner
6,"Baby likes me, but only from a distance",3,dads_corner
6,What to do?,5,dads_corner
6,LDS Dads,5,dads_corner
6,Baby moved sharply in arms,4,dads_corner
6,Wife wants to take baby out to party,2,dads_corner
6,Need advice/Vent,2,dads_corner
7,Is this truly how he feels-,3,dads_corner
7,For the Fellas,1,dads_corner
7,Broke my foot... now baby is coming...,1,dads_corner
7,my wife wont even let me touch her belly is this normal,14,dads_corner
7,A Mans Perspective,2,dads_corner
7,Philadelphia Dad Meet Up,0,dads_corner
7,Am i Overacting??? PLEASE,2,dads_corner
7,How to tell your wife that our toddler should be at daycare full time,1,dads_corner
7,"1st battle completed, now the war begins! ",7,dads_corner
7,Disagreement about circumcision,3,dads_corner
7,First child,2,dads_corner
7,3 year old wants only Mommy.,5,dads_corner
7,Separation,0,dads_corner
7,Baby Todo List Help,4,dads_corner
7,Question-need a mans perspective,3,dads_corner
7,Baby Proofing Help: Floor Lamps,0,dads_corner
7,Chronic cough,2,dads_corner
7,Potty training advice for autistic son,1,dads_corner
7,Toddler bed recommendations,1,dads_corner
7,Scared and feel useless,2,dads_corner
7,Tell me what I can do to help with Mom‚Äôs sleep deprivation,9,dads_corner
7,Girlfriend says she feels distant and lost interest,4,dads_corner
7,Feeling isolated from my partner :(,3,dads_corner
7,Mother wants nothing to do with me,8,dads_corner
7,Struggling with becoming a dad,1,dads_corner
7,Gender reveal,4,dads_corner
7,Rap Music and Baby,4,dads_corner
7,"Elective C-section, how to get support from obgyn",5,dads_corner
7,how much time to take off work?,3,dads_corner
7,Reading to Baby in Utero ,5,dads_corner
7,Am I or Am I Not?,2,dads_corner
7,My girk friends aching alot what can i do ? Hormonal,3,dads_corner
7,Seeking job advice. ,2,dads_corner
7,Gender reveal!!!!,4,dads_corner
7,31 weeks pregnant and she left me,4,dads_corner
7,No more compassion,4,dads_corner
7,It's so hard...,7,dads_corner
7,Pregnant GF left me,6,dads_corner
7,Please Help,3,dads_corner
7,Scared...1st time dad,4,dads_corner
7,Do you worry about how your kid will survive when you‚Äôre gone?,1,dads_corner
7,Being a ‚ÄúBaby Daddy‚Äù,1,dads_corner
7,Fill out this survey please! (School project),0,dads_corner
7,Extra Income,2,dads_corner
7,Parents Split,3,dads_corner
7,Need advice from working dads,4,dads_corner
7,Dads please help!,3,dads_corner
7,Help!,7,dads_corner
7,Hello again,6,dads_corner
7,Previous Post Update: 3rd Trimester PT negative?,25,dads_corner
8,Food recommendations for the Mrs,3,dads_corner
8,I feel like my Mrs and her mum are having the baby,5,dads_corner
8,Coping with lack of communication from pregnant girlfriend,1,dads_corner
8,What's you opinion?,2,dads_corner
8,Bad Fianc√©?,2,dads_corner
8,First time dad nervous,3,dads_corner
8,Hormones,3,dads_corner
8,First time dad with exgirlfriend needs encouragement,0,dads_corner
8,"She's scared, how do I help?",9,dads_corner
8,Early symptoms,2,dads_corner
8,New dad - feeling disconnected,5,dads_corner
8,Am I a bad father?,8,dads_corner
8,Paternal Postnatal Depression,0,dads_corner
8,Gilroy dads,0,dads_corner
8,Does husband want to separate? Wife seeking advice,2,dads_corner
8,Strategies to cope with teething?,1,dads_corner
8,Need Advice,1,dads_corner
8,"Wife wants to abort,but not me.",15,dads_corner
8,New love,3,dads_corner
8,??Advice For Soon To Be Fathers??,1,dads_corner
8,Fighting,1,dads_corner
8,8 Weeks Pregnant Insecurities,2,dads_corner
8,Wife‚Äôs vaginal exams,0,dads_corner
8,Job Issues,3,dads_corner
8,Am I a bad person for getting rid of dog after having baby,3,dads_corner
8,Need a mans opinion....,4,dads_corner
8,Help!,1,dads_corner
8,does my husband have postnatal depression,13,dads_corner
8,I know this is for dads but I need a male perspective please,22,dads_corner
8,My wife isn't being very healthy during the pregnancy and it makes me uncomfortable.,8,dads_corner
8,Fianc√© feeling distant,2,dads_corner
8,Male Perspective - Why bring up the past?,6,dads_corner
8,Vasectomy question,1,dads_corner
8,How to I really have him hear me when I'm talking about Sympathy Weight?,1,dads_corner
8,Girlfriend is five months pregnant - how much excitement do I need to show?,8,dads_corner
8,Do i stay or do i leave? ,2,dads_corner
8,"Yes, being a new Dad is hard, but...",1,dads_corner
8,Please help with advice,1,dads_corner
8,Starting to lose feelings for pregnant ex,4,dads_corner
8,First time dad trying to manage newborn stress,12,dads_corner
8,What to expect for military dads,0,dads_corner
8,Feeling helpless,1,dads_corner
8,New father - Is it normal to feel mostly sad?,7,dads_corner
8,Ex pregnant girlfriend making it seem like I abandoned her ?,9,dads_corner
8,Space?,1,dads_corner
8,Mourning the End of My Life - Help Me Snap Out of It,9,dads_corner
8,Childcare: what would you do?,2,dads_corner
8,I Feel Useless,4,dads_corner
8,I have a question anybody welcome to answer,3,dads_corner
8,My pregnant partner lost feelings for me and has ended the relationship,3,dads_corner
9,Pregnant ex told me to stop contacting her,2,dads_corner
9,she caught me masturbating,36,dads_corner
9,Go to reveal party or not,2,dads_corner
9,Honest guys. How much different is it raising a daughter?,1,dads_corner
9,Moodiness. Feel useless,2,dads_corner
9,wifes sex dreams,7,dads_corner
9,Pregnant GF of 11w has just left me!,0,dads_corner
9,Stay strong fellas,20,dads_corner
9,"Dad to be. Very unstable, verbally abusive, pregnant girlfriend. Help.",17,dads_corner
9,I calmed my newborn baby boy by rapping a hip-hop song to him.,0,dads_corner
9,Need to vent and need advice,3,dads_corner
9,Pregnant ex doesn‚Äôt know what she wants,1,dads_corner
9,Unplanned and freaking,4,dads_corner
9,after birth,4,dads_corner
9,Be honest! Sex after childbirth!,3,dads_corner
9,Tons of questions,0,dads_corner
9,Need advice!,3,dads_corner
9,Nerves,3,dads_corner
9,My pregnant wife wants my dog gone,7,dads_corner
9,Not happy about this baby,14,dads_corner
9,Being disliked by mother of baby,2,dads_corner
9,in love but discouraged,6,dads_corner
9,Dad's with disabilites or limitations,12,dads_corner
9,How to help during pregnancy,3,dads_corner
9,Having a vasectomy soon after birth,12,dads_corner
9,Dad Bods!,9,dads_corner
9,terminally ill wife won't consider abortion,15,dads_corner
9,Asking about playtime,3,dads_corner
9,Low sex drive and the frustration.,2,dads_corner
9,Holding child for the first time.,7,dads_corner
9,My last name or hers?,4,dads_corner
9,Pregnant girlfriend kicked me out,9,dads_corner
9,Sexual frustration,44,dads_corner
9,Circumcision. For it/against it?,13,dads_corner
9,"Girlfriend is pregnant. Please help, I'm losing my mind.",8,dads_corner
9,‚ÄúWorking moms‚Äù and ‚Äúgirl bosses‚Äù,7,dads_corner
9,What to eat?,5,dads_corner
9,First baby shower,2,dads_corner
9,Some insight for first time Dad,3,dads_corner
9,In the delivery room or not?? ,9,dads_corner
9,??QUT???????/?QUT??????Q??551190476???????????????/?????????GPA???\QUT??????????\????????/???????/????????,0,dads_corner
9,Need some advice...,4,dads_corner
9,Almost always wrong...,3,dads_corner
9,Pregnant lady asking for advice please,3,dads_corner
9,DadsWhoGame LLC - All Fathers Support/Gaming Group,3,dads_corner
9,How can I soothe my colicky baby?,8,dads_corner
9,Hormone Stuff,3,dads_corner
9,Selfish father to be,8,dads_corner
9,"NEW - what to expect, nervous, etc.",4,dads_corner
9,just wanted to get it off my chest dad times,2,dads_corner
10,Interpreting baby belly signs,0,dads_corner
10,Worthlessness.,0,dads_corner
10,18 month old - staying up very late,2,dads_corner
10,In-laws staying for several months,12,dads_corner
10,1st Trimester,5,dads_corner
10,Gf hates my parents ~ how can I make peace?,21,dads_corner
10,Double life? Who does this to make a better life for your family?,3,dads_corner
10,"Premature baby, but healthy?",7,dads_corner
10,Father‚Äôs Opinions: Is it a single mother‚Äôs responsibility to seek the father‚Äôs involvement in the child‚Äôs life? Or should the father‚Äôs involvement come from their own desire to be present?,6,dads_corner
10,I need help im so scare & confuse,2,dads_corner
10,Fooooooooooood waste,1,dads_corner
10,Labor.,1,dads_corner
10,80-95 bpm at 6.3,5,dads_corner
10,need advice from both sides,3,dads_corner
10,Father‚Äôs day,1,dads_corner
10,labor fear panic attacks,7,dads_corner
10,Question for Dad‚Äôs to be.,2,dads_corner
10,Massachusetts??,3,dads_corner
10,"This is hard to bring up, but...",4,dads_corner
10,Wife tells me she hates me,5,dads_corner
10,Baby making sex,16,dads_corner
10,Husband question‚Äîfrom a prego woman,2,dads_corner
10,baby growth hormones?,0,dads_corner
10,Am I in the wrong?,0,dads_corner
10,Dog in same room as newborn ?,10,dads_corner
10,6 months baby black poo,4,dads_corner
10,Wife is in labor ...any advice,1,dads_corner
10,Mom doesn't think I do enough.,4,dads_corner
10,Pregnancy Anxiety,3,dads_corner
10,Gift ideas?,5,dads_corner
10,I understand but me too,4,dads_corner
10,Father's experience,8,dads_corner
10,Car seat question,7,dads_corner
10,First time dad,5,dads_corner
10,Unfit mother pregnant with my child,6,dads_corner
10,"Help!!! Mom in bad situation, need advice from men!",7,dads_corner
10,Miscarriage/still birth,9,dads_corner
10,How far do I go...,5,dads_corner
10,Men's mix emotion,2,dads_corner
10,"Chronic pelvic pain syndrome treatment, which one is the best?",3,dads_corner
10,Cries,7,dads_corner
10,Wife barely looks at me (8 mos PP),6,dads_corner
10,Will untreated prostatitis turn into prostate cancer?,1,dads_corner
10,Single income finances,5,dads_corner
10,Just a women needing men‚Äôs advice....,4,dads_corner
10,First Trimester. GF is annoyed by me,4,dads_corner
10,Hospital bag,5,dads_corner
10,How do deal with people giving somewhat stronger than it should be advice,7,dads_corner
10,pregnant partner is being mean,9,dads_corner
10,Miscarriage at 16 weeks,10,dads_corner
11,How to be Emotionally Supportive?,4,dads_corner
11,"Prostatitis foods to avoid, what should patients know?",1,dads_corner
11,Second Hand Smoke,2,dads_corner
11,"9 month old son, his mom is worried about a few things",4,dads_corner
11,18 yrold first time dad,8,dads_corner
11,He left me pregnant ... opinions?,2,dads_corner
11,4.5 month old,5,dads_corner
11,"Prostatitis running, is it good or bad?",1,dads_corner
11,Paternity leave.,16,dads_corner
11,‚ÄúOlder‚Äù Dad worries,16,dads_corner
11,33 weeks and 4 days..,2,dads_corner
11,Excessive alcoholic consumption may be related to prostatitis?,1,dads_corner
11,Need the men's opinions,19,dads_corner
11,Im trying to cut down on expenses. My girl thinks im trying to be cheap.,8,dads_corner
11,My sons mother will not let me have any contact whatsoever,2,dads_corner
11,"Any advice other than ""It'll get better"" or ""This too shall pass""?",10,dads_corner
11,4months Postpartum (no sex),23,dads_corner
11,What may the patient have when using amoxicillin for prostatitis?,1,dads_corner
11,I really need a mans advice here...,4,dads_corner
11,Mew dad feeling overwhelmed,2,dads_corner
11,What is the best chronic nonbacterial prostatitis treatment?,2,dads_corner
11,Feelings,1,dads_corner
11,Can prostatitis go away on its own?,1,dads_corner
11,Help,0,dads_corner
11,How to cure prostatitis at home?,1,dads_corner
11,Date ideas,5,dads_corner
11,Help for chronic bacterial prostatitis treatment,1,dads_corner
11,WIFE LEFT! advice and questions welcome. information is better than not having it.,5,dads_corner
11,I'm going to be dad and feel like I can't even look after myself!,4,dads_corner
11,The dreaded ‚ÄúI need space‚Äù,0,dads_corner
11,Fighting the Name Battle,4,dads_corner
11,"Prostatitis urinary tract infection keeps coming and going, how to cure?",1,dads_corner
11,"Chronic pelvic pain syndrome, a chronic disease in men",1,dads_corner
11,Chronic pelvic pain syndrome and its side mental effects,1,dads_corner
11,Advice from pregnancy/relationship,1,dads_corner
11,What are chronic bacterial prostatitis causes?,1,dads_corner
11,Who else is gaining weight?,4,dads_corner
11,Dad's Only Facebook Group - Support and Fun,2,dads_corner
11,Ex told me to stay away.,6,dads_corner
11,Worries/Fears...how to manage?!,1,dads_corner
11,Need advice kinda bummed,4,dads_corner
11,What would you do??,1,dads_corner
11,1st time Dad trouble!,8,dads_corner
11,24 year old expectant father. In need of advice.,4,dads_corner
11,Advice on pregnant woman's actions.,2,dads_corner
11,Hey everyone!,1,dads_corner
11,Navigating these hormones is like trying to fly though an asteroid field,3,dads_corner
11,Any advice,6,dads_corner
11,Anyone else see this?,5,dads_corner
11,3rd Shift and Then Full Time Dad,2,dads_corner
12,"Leaving for 10 weeks, need advice on how to handle being away from my daughter!",3,dads_corner
12,Daughter doesn‚Äôt seem to want me anymore?,2,dads_corner
12,I need some help,6,dads_corner
12,I designed an expecting dads shirt for womens day 2018,1,dads_corner
12,major arguments,5,dads_corner
12,im not being supportive,1,dads_corner
12,A mans advice please..,4,dads_corner
12,Pregnant wife cheating accusations,11,dads_corner
12,Nebraska?,2,dads_corner
12,Ways to show gratitude to SO,8,dads_corner
12,Low T,12,dads_corner
12,Induction Friday! How has your life changed since having a newborn?,3,dads_corner
12,Plane Travel,7,dads_corner
12,Need a guys opinion,5,dads_corner
12,Help...washing bottles sucks,8,dads_corner
12,First Time Dad,1,dads_corner
12,Feel Useless...,8,dads_corner
12,Outnumbered 5 to 1,0,dads_corner
12,I have a hard time trying to like her family...,3,dads_corner
12,My Girlfriend is so depressed. How can I help?,5,dads_corner
12,Am i the daddy?,11,dads_corner
12,7 weeks gone but the wife isn't showing symptoms....is this normal?,10,dads_corner
12,sdi,2,dads_corner
12,Young Daddy Syndrome,15,dads_corner
12,Looking for other fathers to have her time finding people to play video games PS4,0,dads_corner
12,Learn the Sex?,4,dads_corner
12,Boy pee standing up,8,dads_corner
12,Emergency Preparedness,4,dads_corner
12,"Writer for Fatherly looking for stories from dads: ""Great Moments In Parenting""",2,dads_corner
12,"Dads first, moms third",3,dads_corner
12,Trying to kick nasty habit,6,dads_corner
12,Possible condition for my first born,2,dads_corner
12,a guys advise on when you held your baby for the first time,7,dads_corner
12,Weigh in on this,7,dads_corner
12,Marriage is falling apart.,13,dads_corner
12,sex after C section,3,dads_corner
12,Unique situation(?): terrified with no where to turn.,4,dads_corner
12,Awesome changing table,5,dads_corner
12,P.E ... need help.,2,dads_corner
12,Need guys advise!,11,dads_corner
12,Older first-time dads?,11,dads_corner
12,What to expect?,7,dads_corner
12,There's a problem with our baby,4,dads_corner
12,Mental Health - Baby's and Mine,2,dads_corner
12,She wants to be on her own,4,dads_corner
12,Spouse has pulled away from me,7,dads_corner
12,Trying to wake up to help Wife,9,dads_corner
12,Petrified new dad week 7 tips appreciated,3,dads_corner
12,"GF wants abortion, but I feel wracked by guilt",96,dads_corner
12,Anxious about everything??,3,dads_corner
13,A lot of pressure on this one,4,dads_corner
13,Dealing with anxious and stressed out wife,4,dads_corner
13,"Complications in Week 5, venting & frustrated",4,dads_corner
13,Before and after care,1,dads_corner
13,Return of sex drive?,5,dads_corner
13,Woman uses pregnancy,7,dads_corner
13,Complete lack of motivation for exercise,2,dads_corner
13,WIfe won't let my mother watch our son over night or alone..advice??,5,dads_corner
13,New to this and glad to hear I'm not the only one having issues with girlfriend ,2,dads_corner
13,I was kicked (she need some space),2,dads_corner
13,Tips for a new SAHD,3,dads_corner
13,Kicked out of the house...,7,dads_corner
13,"I'm trying to be patient, but suffering from lack of intimacy",7,dads_corner
13,My heart is killing me. I love her so much..,2,dads_corner
13,"Expecting first child, probably",2,dads_corner
13,not sure if it's hormones or truth ,6,dads_corner
13,Anyone else seem to be the only person their kid doesn't like?...,1,dads_corner
13,Struggling Male - Week 11 (est),5,dads_corner
13,Girlfriend Self Conscious to point of being distant,3,dads_corner
13,Girlfriend seems distant,10,dads_corner
13,Struggling with first few days,2,dads_corner
13,Too Young for 7 Days?,3,dads_corner
13,Anxiety & Back to work,1,dads_corner
13,Anxious to meet the baby,1,dads_corner
13,Baby's room mural,4,dads_corner
13,Just found out she‚Äôs pregnant (first time),5,dads_corner
13,How to deal with it,13,dads_corner
13,Paid Family Leave: Help,3,dads_corner
13,First time father! any tips from anyone,2,dads_corner
13,Not sure if this is for me... this feeling changes right???,3,dads_corner
13,Long vent - opinions welcome,1,dads_corner
13,Foreplay after the baby?,1,dads_corner
13,Question for People with a Penis,20,dads_corner
13,15 weeks in. How can I make this easy on my wife?,6,dads_corner
13,Surname,1,dads_corner
13,Working at night,1,dads_corner
13,Working my butt off.,11,dads_corner
13,Fianc√© wants to keep baby away from my side of the family. Is this right or wrong? Looking for opinions from both men and women.,10,dads_corner
13,What can we do in labour to help?...,7,dads_corner
13,"1st time dad, need help please",2,dads_corner
13,TWW frustration,9,dads_corner
13,"Asking for advice from men: worried husband is taking out anger on 3 year old daughter, long read but help is appreciated",12,dads_corner
13,4 weeks until due date! How to be supportive during delivery?,3,dads_corner
13,4 day old sleep position,1,dads_corner
13,Sex during pregnancy¬†,4,dads_corner
13,my girlfriend and i our expecting our first child but see dosemt want to see me amd involve me whatever i do is wrong ,0,dads_corner
13,Women's hair,4,dads_corner
13,Same sex couples,3,dads_corner
13,Proud FTD.. heres my newborn! Share yours,1,dads_corner
13,Signs of PPD in Dad's?,1,dads_corner
14,Gender Disappointment - help please,8,dads_corner
14,Food for my wife?,1,dads_corner
14,Hope,6,dads_corner
14,New Father - due in September.,8,dads_corner
14,Please help !! Ppd for dad..,3,dads_corner
14,Everything i say seems to hurt her feelings. And i feel so confused.,2,dads_corner
14,Anybody else dealing with this?,11,dads_corner
14,First Pic!,1,dads_corner
14,Opinions and input please men and women,9,dads_corner
14,First time father,5,dads_corner
14,In awe and so attracted of my wife,2,dads_corner
14,"Everything right, everything wrong",6,dads_corner
14,Afraid I won't love baby,1,dads_corner
14,Not sure what to do,9,dads_corner
14,My Girlfriend doesn't want to be with me anymore,12,dads_corner
14,"Hey dads, need opinions.",3,dads_corner
14,"Miscarriage, need men's advice",9,dads_corner
14,Alright guys... I need you,5,dads_corner
14,Tdap,2,dads_corner
14,January 2018 moms and dads facebook group,0,dads_corner
14,Need some advice asap,15,dads_corner
14,Dads Facebook group,2,dads_corner
14,Vent session,1,dads_corner
14,Maternal Aggression,2,dads_corner
14,need a guys advice about father...,3,dads_corner
14,Am I being unreasonable?,6,dads_corner
14,Father's Day question pool,3,dads_corner
14,A mom seeking men's advice.,7,dads_corner
14,Umbilical cord?,2,dads_corner
14,"Hating the ""sorry, girl here, just thought I'd...""",12,dads_corner
14,Need help,3,dads_corner
14,Having a baby at 50 !,13,dads_corner
14,Feeling left out,1,dads_corner
14,Dad's duty during labor,1,dads_corner
14,"This is for dads who have been through a miscarriage, if you think you can't talk to anyone about it and you want to this is the place to.",8,dads_corner
14,Second baby and wanting to leave him,6,dads_corner
14,Suggestions for Baby's needs...,5,dads_corner
14,Wanting a man's perspective,2,dads_corner
14,woman needing a guys imput!,16,dads_corner
14,Second time Dad,0,dads_corner
14,.,1,dads_corner
14,Opinions please dads,8,dads_corner
14,First time dad....,2,dads_corner
14,First time father to be here,6,dads_corner
14,Telling 3yr old about sibling otw,1,dads_corner
14,Child Support Advice,7,dads_corner
14,Dad to be going out...,4,dads_corner
14,Being the Rock,4,dads_corner
14,Need a mans perspective,6,dads_corner
14,It's a boy!!!,5,dads_corner
15,Bonding Time,2,dads_corner
15,Old version of Fun,1,dads_corner
15,Ridiculous request?,10,dads_corner
15,Help for V-day please!',2,dads_corner
15,Work Related Stress - Help!,2,dads_corner
15,All the emotions the man goes through,12,dads_corner
15,Mother-In-Law is staying with us. Help.,4,dads_corner
15,New to parenting,2,dads_corner
15,First Time Dad! Help!,8,dads_corner
15,Houston Tx Moms,1,dads_corner
15,Sex after natural birth,4,dads_corner
15,First time father overseas,9,dads_corner
15,Exhausted,2,dads_corner
15,Boot/Trunk Space for Pram,2,dads_corner
15,Pregnant wife needs help- sex,3,dads_corner
15,Hope this is ok...,0,dads_corner
15,Nurturing choice and free thinking,0,dads_corner
15,Cloth Diapers,11,dads_corner
15,C-section on the 18th,0,dads_corner
15,No sex need advice... NSFW,12,dads_corner
15,Absolutely NO sex drive...,2,dads_corner
15,Boy or girl?,2,dads_corner
15,He doesn't touch me,8,dads_corner
15,My husband just told me to get out of his face,6,dads_corner
15,How to manage gym and morning sickness,2,dads_corner
15,Mc,1,dads_corner
15,How to deal,5,dads_corner
15,OT: Wife Needing Golf Advice,3,dads_corner
15,Fear of not bonding,4,dads_corner
15,Calling all daddys!,1,dads_corner
15,S/O Parent,5,dads_corner
15,Guys point of view please (pic),11,dads_corner
15,Number 2,4,dads_corner
15,Popping the question,1,dads_corner
15,Not sure i will make it through,7,dads_corner
15,First post... First time Father,4,dads_corner
15,Anyone had this problem before help!,1,dads_corner
15,"Pregnancy and the ""I"" word.",11,dads_corner
15,Mosquitos plug in repellents.,0,dads_corner
15,My 52 year old boyfriend says he's not ready to be a father yet,1,dads_corner
15,Push present for dad,1,dads_corner
15,CBD for morning sickness???,6,dads_corner
1,Porn,43,archive
1,Need advice - why is he obsessed ,19,archive
1,Sex after baby? ,15,archive
1,Gf throwing up yellow liquid during morning sickness. Is this normal?,10,archive
1,My baby has an extra chromosome? XXY,12,archive
1,Begging for sex!,100,archive
1,Her farts.... They're killin me. ,7,archive
1,Advice please! Hubby is down.¬†,3,archive
1,Circumcision: What are you choosing and why?,25,archive
1,Wife won't listen,23,archive
1,New dad sleeping in hospital waiting room,20,archive
1,Mother In Law In Town,14,archive
1,Bad Dreams For Me (Dad),11,archive
1,Fed up with gf's lack of affection,11,archive
1,Night feeds and working.,14,archive
1,Semen in underwear?!?!,17,archive
1,Is naming son with your own name a good idea?,12,archive
1,Wife Suddenly Cant Stand My Smell,15,archive
1,Lack of Affection - 5/6Weeks Pregnant,17,archive
1,Tough time in first trimester,10,archive
1,So now she wants me to be an every other weekend dad.,8,archive
1,hospital gift ideas for my boyfriend,15,archive
1,GF pregnant and has stopped loving me.,9,archive
1,The Mother of my child hates me an I have no clue why,7,archive
1,7 months pregnant no sex,14,archive
1,pregnant wife seems to hate me,13,archive
1,ready to blow my brains out.,17,archive
1,To All The Ladies Who Think I am Rude,138,archive
1,Can't have sex with my wife while she is pregnant.,8,archive
1,Push present ideas?!?!,43,archive
1,Wife thinks I'm selfish ,24,archive
1,Loving Spouse more than Child,20,archive
1,is ivy a stripper name?,9,archive
1,so sick of masturbation,10,archive
1,gf is pregnant with no ring ,15,archive
1,Is the baby mine?,38,archive
1,"Jackson, Jaxon, or Jaxen? ",49,archive
1,making me fat!,8,archive
1,Chase-,19,archive
1,Cleaning Daughter's Vagina - And She Laughs!,9,archive
1,My son always looks worried ,11,archive
1,Touching My Wife's Pregnant Belly,46,archive
1,Life after miscarriage,21,archive
1,baby monitor vs ip camera as baby monitor ,8,archive
1,dad is always horny advice,10,archive
1,manly minivan?,28,archive
1,very strong smell,25,archive
1,Dramatic wife,29,archive
1,dizzy wife,17,archive
1,the godfather... well not really,7,archive
2,I need a guys help! ,11,archive
2,crunch time,1,archive
2,Sleeping In The Nude,14,archive
2,breastfeeding turn on?,12,archive
2,Babymoon and Push Gifts ,38,archive
2,She wants sex 24/7,11,archive
2,Staying at the hospital,18,archive
2,Diaper Party,10,archive
2,Flat......Eggshell or Satin?,16,archive
2,Thinking of joining the Navy,26,archive
2,No Sexxx,21,archive
2,anal,19,archive
2,having a daughter vs having a son,14,archive
2,Pee breaks during sex...,11,archive
2,Vasectomy Experiences?,9,archive
2,Sympathy weight gain,21,archive
2,Selfishly Horny,17,archive
2,why am I the punching bag,20,archive
2,The dog and my wife,12,archive
2,Is George Carlin right?,54,archive
2,pregnancy gift for wife,59,archive
2,NOT MORNING SICKNESS (all DAY SICKNESS),19,archive
2,Best sexual positions,19,archive
2,men's opinion on circumcision,38,archive
2,guys reactions to pregnancy?,18,archive
2,Diaper bag,25,archive
2,Question about C-sections,10,archive
2,Gay baby shower,11,archive
2,Dirty nursery rhymes ?,30,archive
2,sex in the first trimester,17,archive
2,Was your wife's mother in the room during delivery,36,archive
2,"Finding out the gender tomorrow, very nervous",12,archive
2,50 Shades of Grey-guys perspective,26,archive
2,motorcycle riding,19,archive
2,What are the best thin condoms? ,25,archive
2,Pregnant wife = Fat husband?,10,archive
2,Wife forbids me to get tattoos,31,archive
2,Walking Dead Season 3,7,archive
2,Facebook announcement ideas ... For guys,12,archive
2,First Time Dad Needs Some Input,9,archive
2,no sex and it's KILLING me!,40,archive
2,for dads who helped potty train their son,12,archive
2,Excessive fights during pregnancy,32,archive
2,past coming back to haunt me,50,archive
2,calling your wife beautiful ,20,archive
2,My husband wants to have sex...,21,archive
2,"Rear facing infant seat, regular can pickup truck.",12,archive
2,Video Game Raging,8,archive
2,More sex or less sex?!?!,27,archive
2,no belly touching during sex ,14,archive
3,Being with my wife is so stressful. ,18,archive
3,girl disappointment,19,archive
3,big baby,18,archive
3,Arguing more,7,archive
3,CBR vs. Viacord,7,archive
3,3rd is a...,5,archive
3,Car Seat Trouble,29,archive
3,Songs that Daddy sings,11,archive
3,Baby Girl Calling Everybody Daddy,8,archive
3,Hospital Bag - For Us Men,23,archive
3,What to do? Baby needs soft bed. ,11,archive
3,"she left me and she is pregnant,my heart will explode :(((((",11,archive
3,building a dog house,14,archive
3,sex & breast milk,26,archive
3,When to take baby to sporting event,7,archive
3,"Dating Less Than 3 Months, How To Tell Him Im Pregnant?",15,archive
3,33 years old; hope I'm not too old!,13,archive
3,Baby's Sex,9,archive
3,Watching birth of your child ,32,archive
3,Short Term Disability Question,9,archive
3,"Husband afraid sex will ""hurt"" baby and I",10,archive
3,Dads opinions on girl names,19,archive
3,Baby Girl rejecting daddy?,7,archive
3,"baby shower, say what?",9,archive
3,Am I the only one stuck doing night time feedings?,21,archive
3,DH sad about having girl,13,archive
3,What are you looking forward to?,24,archive
3,husband doesn't want sex,13,archive
3,How important is a Junior?,19,archive
3,having a girl and I'm a little worried,9,archive
3,Overwhelmed/anxious/depressed,8,archive
3,Baby monitors ,10,archive
3,How much time did you take off work?,20,archive
3,8yo daughter cries over homework constantly,18,archive
3,Tall women vs. Short women ,13,archive
3,Baby Monitors: Audio or Video?,11,archive
3,Any Men Feeling Pregnancy Symptoms?,21,archive
3,stripper at daddy shower,16,archive
3,PSA: Porn Star Name Game,29,archive
3,distant husband syndrome ,10,archive
3,How long does it take to knock the wife up!?,30,archive
3,Peeing in front of son?,11,archive
3,is it normal or does she hate me,28,archive
3,What first glass of red wine should I have?!,12,archive
3,Friday Fun Facts (August 26),14,archive
3,Halloween Costumes,31,archive
3,Is my kid becoming a brat?,15,archive
3,sex drive after baby,9,archive
3,Post vasectomy,13,archive
3,View on pregnant women,16,archive
4,Willy getting big in bath,23,archive
4,can he really change?,5,archive
4,Father of a girl,24,archive
4,A dad's view on circumcision.,49,archive
4,Apps For Adults (and I'm not talking about XXX),15,archive
4,BF a turn on?,10,archive
4,Overprotective wife??,8,archive
4,Dad Co Sleeping w/ pre teen daughter? ,37,archive
4,Headphones on the belly,8,archive
4,Sex Positions,37,archive
4,natural birth,47,archive
4,Dad can't handle the crying,9,archive
4,Gender reveal? No party.,8,archive
4,445 calories a day...,37,archive
4,Circumcision? Wanting the guys' opini...,171,archive
4,Beautiful not sexy,11,archive
4,Skin to Skin Contact,11,archive
4,squeamish dad in delivery room?,10,archive
4,Baby Doesn't Like To Be By Dad ,9,archive
4,Third Shift Dads,8,archive
4,Can I Get A Reach Around or Something?!,18,archive
4,Reading to Your Unborn Baby,7,archive
4,sex better while pregnant ?,20,archive
4,Problem with husband/mother in law; Need advise.,26,archive
4,can't keep up with the wife,17,archive
4,Any Single Dad's in the Portland OREGON Metro area?,11,archive
4,Is my baby daddy cheating??,11,archive
4,stress of first time fathers,8,archive
4,Gift for Dad after the birth. ,9,archive
4,Wife doesn't want any affection from me,16,archive
4,couples baby shower,9,archive
4,Newborn Frustration,12,archive
4,A bro shower!!,10,archive
4,1st time mom needs advice from uncut men please,30,archive
4,Nympho???,36,archive
4,Dad not allowed in ultrasound?,34,archive
4,is it safe still have sex while wife is 2 months along?,12,archive
4,Breast milk for daddy ,16,archive
4,Abu el Banat - It's a girl!,9,archive
4,Girlfriend Emotional Mess??,9,archive
4,hot pregnant wife..,7,archive
4,He finds the baby bump gross,9,archive
4,7 weeks pregnant and not interested,10,archive
4,Feeling baby move for the first time,9,archive
4,wife's weight gain,53,archive
4,Will my son be a sissy?,16,archive
4,Help me determine the sex of our baby (ultrasound video inside),16,archive
4,alcoholic baby daddy,28,archive
4,father not as excited as I'd hope,9,archive
4,Sex after Baby birth ...,8,archive
5,push gift for wife,23,archive
5,sympathy symptoms,30,archive
5,My wife is sleep deprived and getting borderline crazy. Suggestions?,8,archive
5,wife does not cry in front of me because of past issue,19,archive
5,Anyone tried breast milk?,12,archive
5,can I hurt my baby If I have sex with my wife,7,archive
5,pregnant sex but not in a relationship,24,archive
5,Taking my wife on a long road trip at eight months pregnant - Bad Idea?,27,archive
5,drinking while spouse is pregnant,45,archive
5,my girlfriend wants an abortion and I don't,86,archive
5,"loves me,????? doesn't want to lose me?????",17,archive
5,Is your wife looking at being a stay at home Mom? Suggestions?,31,archive
5,Emotions you felt when your baby was born,9,archive
5,good pregnancy books for dads to be?,13,archive
5,Dads who are nesting...,8,archive
5,First timers...husband is afraid of delivery room,14,archive
5,spanking,46,archive
5,Guys point of view- breast reduction ,11,archive
5,My pregnant girlfriend really hates me or it's the hormones?HELP PLEASE!,35,archive
5,Do you know why she wants to bear your child???,7,archive
5,Crazy Babymama! Help with custody!,14,archive
5,pregnant sex but not in a relationship,22,archive
5,Comfort of mom and dad at the first prenatal visit,43,archive
5,How do explain to a man why affection is important? (TMI),10,archive
5,Baby movement in late pregnancy.,7,archive
5,When Should Our Daughter Get her ears ear pierced??????,30,archive
5,My Wife Is Driving Me Crazy! ,18,archive
5,"First time expectant Dad, excited and terrified!",7,archive
5,Good Stroller/Car Seat Brands,9,archive
5,Do dads have to wear scrubs if delivering in a hospital???,10,archive
5,2nd baby W/ 2nd baby mama.......,18,archive
5,middle name for Xavier,16,archive
5,What to do with a man who has walk out on baby and mom?,16,archive
5,What are your favorite father/daughter songs?,18,archive
5,She's got lower back pain...relief?,15,archive
5,advice for emotionless husband?,9,archive
5,"Keeping Relationship ""Healthy"" During Pregnancy",7,archive
5,how old do they get out of infant car seats?,7,archive
5,Husband and mid-life crisis???,12,archive
5,dont want a kid but wife is pregnant,59,archive
5,Gift for Dad at birth,7,archive
5,"My wife's lost her damn mind, and I'm about to lose mine too",15,archive
5,Dad's really disappointed it's a girl,10,archive
5,Is it possible to say he lied about cheating?,13,archive
5,What Expectant Fathers Want. (Funny),9,archive
5,Letter To My Unborn Baby,26,archive
5,"possible teen father, need advice!!!!",6,archive
5,Need some input guys! Thanks! OT,2,archive
5,Crib Tents,2,archive
5,I could use some male advice,6,archive
6,Convertable Cribs -vs- the other options,6,archive
6,New Life,6,archive
6,Pictures at last,6,archive
6,Things I've learned...,6,archive
6,NEW TO SITE EXPECTING A GIRL SOON,2,archive
6,baby showers,2,archive
6,mom seeking daddy advice,0,archive
6,Read Heidi's Holiday Blog! ,0,archive
6,happy happy merry merry! ,0,archive
6,testing -qa - patch,0,archive
6,What branch of service/fire/police,1,archive
6,NEED to know what you were having?,2,archive
6,Dad's with daughters.... HELP!!!!,2,archive
6,Do you think he will prapose?,5,archive
6,Tough night (very long),1,archive
6,I want my husband to show me his exitmen,0,archive
6,Any day now.... time has flown ,1,archive
6,I'm a Mom who needs help supporting Dad!,0,archive
6,how young is too young,1,archive
6,"August Toddler Idol, please vote!!",0,archive
6,Car rear seats,0,archive
6,Need your perspective on circumcision,2,archive
6,For MEN with SAHW/M,0,archive
6,Diabetic Dads ?,0,archive
